-- phpMyAdmin SQL Dump
-- version 4.8.3
-- https://www.phpmyadmin.net/
--
-- Host: 127.0.0.1
-- Generation Time: Dec 15, 2018 at 07:38 AM
-- Server version: 10.1.36-MariaDB
-- PHP Version: 5.6.38

SET SQL_MODE = "NO_AUTO_VALUE_ON_ZERO";
SET AUTOCOMMIT = 0;
START TRANSACTION;
SET time_zone = "+00:00";


/*!40101 SET @OLD_CHARACTER_SET_CLIENT=@@CHARACTER_SET_CLIENT */;
/*!40101 SET @OLD_CHARACTER_SET_RESULTS=@@CHARACTER_SET_RESULTS */;
/*!40101 SET @OLD_COLLATION_CONNECTION=@@COLLATION_CONNECTION */;
/*!40101 SET NAMES utf8mb4 */;

--
-- Database: `matrix`
--

-- --------------------------------------------------------

--
-- Table structure for table `car`
--

CREATE TABLE `car` (
  `carId` int(11) NOT NULL,
  `carName` varchar(45) COLLATE utf8_unicode_ci DEFAULT NULL,
  `carPrice` double DEFAULT NULL,
  `carOilPrice` double DEFAULT NULL
) ENGINE=InnoDB DEFAULT CHARSET=utf8 COLLATE=utf8_unicode_ci;

--
-- Dumping data for table `car`
--

INSERT INTO `car` (`carId`, `carName`, `carPrice`, `carOilPrice`) VALUES
(1, 'รถตู้', 1800, 2.5),
(2, 'รถยนตร์', 900, 2);

-- --------------------------------------------------------

--
-- Table structure for table `hotel`
--

CREATE TABLE `hotel` (
  `hotelId` int(11) NOT NULL,
  `name` varchar(45) COLLATE utf8_unicode_ci DEFAULT NULL,
  `latitude` double DEFAULT NULL,
  `longitude` double DEFAULT NULL,
  `phone` varchar(45) COLLATE utf8_unicode_ci DEFAULT NULL,
  `cost` double DEFAULT NULL,
  `nameEng` varchar(45) COLLATE utf8_unicode_ci DEFAULT NULL
) ENGINE=InnoDB DEFAULT CHARSET=utf8 COLLATE=utf8_unicode_ci;

--
-- Dumping data for table `hotel`
--

INSERT INTO `hotel` (`hotelId`, `name`, `latitude`, `longitude`, `phone`, `cost`, `nameEng`) VALUES
(2, 'ตาลคู่ บีช รีสอร์ท ขนอม', 9.189959, 99.874583, '081 994 5567', 1000, 'Talkoo Beach Resort Khanom'),
(3, 'ฮัลโหล วิลลา แอท ขนอม', 9.196962, 99.864749, '082 413 3338', 950, 'Hallo Villa at Khanom'),
(4, 'ปณิตา รีสอร์ท ', 9.198001, 99.859787, '075 466 515', 500, 'Panita Resort '),
(5, 'วิช โฮสเทล แอนด์ คาเฟ่', 9.183172, 99.871854, '097 358 2777', 1550, 'Vish Hotel and Cafe'),
(6, 'สิริบุรี รีสอร์ท ', 9.192618, 99.868124, '082 814 9874', 1200, 'Siriburi Resort'),
(7, 'ชลนภา รีสอร์ท ', 9.19952, 99.874987, '083 393 0111', 1400, 'Chonnapha Resort'),
(10, 'ทิพย์มนตรี รีสอร์ท', 9.14104, 99.874495, '0 7552 8147', 1020, 'Tipmontri Resort '),
(12, 'สเตลล่า รีสอร์ต ขนอม ', 9.19097, 99.864206, '098 462 6687', 900, 'Stella Resort Khanom'),
(13, 'สิชลคาบาน่าบีชรีสอร์ท', 9.01039, 99.919709, '075-536-055', 1600, ''),
(15, 'โรงแรม ทิพย์บุรีริเวอร์ไซด์', 9.004852, 99.90897, '063- 078 -5739', 800, ''),
(16, 'อิสสระบีชรีสอร์ท', 9.007813, 99.922244, '091 -148 -3494', 850, ''),
(18, 'โอ๊คนัต คอฟฟี่ แอนด์ รีสอร์ต ', 8.730333, 99.924778, '091-8212834', 650, 'Okenut Coffee & Resort'),
(19, 'พูนสุข รีสอร์ท', 8.71368, 99.941072, '089-6475546', 0, 'Poonsuk Resort'),
(21, 'หาดทรายแก้ว รีสอร์ท', 8.69778, 99.943462, '075-355959', 0, ''),
(22, 'บ้านมัยมูน', 8.632949, 99.951277, '084-3084835', 0, ''),
(23, 'พังปริง บีช รีสอร์ต', 8.83422, 99.92551, '084-0000887', 1100, 'Phangpring Beach Resort'),
(24, 'ศิริพร เพลส', 8.66952, 99.92739, '075-522359', 0, 'Siriporn Place'),
(25, 'See-Din Studio & Farmstay ', 8.516102, 99.841672, '081 306 7007', 741, 'See-Din Studio & Farmstay '),
(27, 'โรงแรมเดอะเทอเรส ', 8.463875, 99.964986, '075 344525', 640, 'The Terrace Hotel'),
(29, 'โรงแรมช่อลดา ', 8.443336, 99.955259, '075 466 178', 1100, 'Chawlada Hotel'),
(30, 'แอท24 บูติก โฮเต็ล ', 8.43646, 99.969299, '075 340 910', 950, '.@24Boutique Hotel'),
(31, 'Bunprasop Garden Hotel ', 8.407114, 99.975949, '075 805 252', 880, 'Bunprasop Garden Hotel '),
(32, 'อเวนิว เรสซิเดนซ์ ', 8.404358, 99.968543, '075 355 882', 584, 'Avenue Residence '),
(33, 'โรงแรมแกรนด์ปาร์ค ', 8.440117, 99.964421, '075 317 666', 1000, 'Grand Park Hotel'),
(34, 'ชฎา แอท นคร ', 8.491997, 99.959944, '075 450 899', 1020, 'Chada@Nakhon'),
(35, 'โรงแรมทุ่งตะวัน ', 8.420034, 99.975986, '075 466 982', 700, 'Thungtawan Hotel'),
(36, 'โรงแรมบีทรี', 8.500323, 99.93106, '075 845 099', 890, 'B3 Hotel '),
(39, 'M1 Maharaj ', 8.390041, 9.970596, '064 968 9896', 604, 'M1 Maharaj '),
(40, 'พามา เฮาส์ ', 8.44152, 99.966785, '084 009 4774', 500, 'Pama House'),
(41, 'Radina Residence ', 8.456496, 99.92307, '075 419 210', 1065, 'Radina Residence '),
(43, 'Loftel @ Nakhon ', 8.446857, 99.969053, '089 723 7196', 413, 'Loftel @ Nakhon '),
(44, 'ทรีโฮมพลัส โฮมสเตย์', 8.4204, 99.973726, '081 090 8080', 612, ' Tree Home Plus Home Stay'),
(45, 'ชายทะเล รีสอร์ท', 8.368757, 100.23777, '075 518 663', 363, 'Chai Talae Resort'),
(46, 'บ้านวงศ์เบี้ยสัจจ์ ปากพนัง', 8.327729, 100.205456, '075-517-777', 2000, ''),
(47, 'โรงแรม ซีเค รีสอร์ท', 8.324566, 100.255275, '075-354488', 0, 'CK Resort'),
(48, 'โอลิเวีย รีสอร์ท', 8.348071, 100.173644, '075-370869', 0, ''),
(49, 'ตะลุมพุกซีฟู๊ด แอนด์ รีสอร์ท', 8.35201, 100.246856, '081-9793989', 0, ''),
(50, 'บ้านชายคลอง ', 8.346305, 100.199565, '075-333831', 0, '');

-- --------------------------------------------------------

--
-- Table structure for table `islamicrestaurant`
--

CREATE TABLE `islamicrestaurant` (
  `islamicrestaurantId` int(11) NOT NULL,
  `name` varchar(45) COLLATE utf8_unicode_ci DEFAULT NULL,
  `latitude` double DEFAULT NULL,
  `longitude` double DEFAULT NULL
) ENGINE=InnoDB DEFAULT CHARSET=utf8 COLLATE=utf8_unicode_ci;

--
-- Dumping data for table `islamicrestaurant`
--

INSERT INTO `islamicrestaurant` (`islamicrestaurantId`, `name`, `latitude`, `longitude`) VALUES
(1, 'กลางอ่าวซีฟู้ด', 9.286234, 99.841525),
(2, 'ครัวคุณลี่', 9.206234, 99.870532),
(3, 'Khanom Espresso', 9.183642, 99.857348),
(4, 'ครัวคลองคูระ', 9.182797, 99.854129),
(5, 'ขนอมซีฟู้ด', 9.124331, 99.883156),
(6, 'ภัตตาคารโก้โตน', 9.007902, 99.893249),
(7, 'ร้านอาหาร แลเลสิชล', 9.014416, 99.916811),
(8, 'ครัวป๋อย ', 9.010468, 99.920793),
(9, 'สิชลซีฟู๊ด ร้านอาหารบรรยากาศริมคลองสิชล', 9.017953, 99.911179),
(10, 'ท่าศาลา ซีฟู้ด นครศรีธรรมราช', 8.668577, 99.94466),
(11, 'ริมเลซีฟู้ด ท่าศาลา ', 8.659086, 99.950012),
(12, 'ซันไรซ์ซีฟู้ด ท่าศาลา', 8.659738, 99.950188),
(13, 'ฮันน่า ซีฟู้ด ', 8.665465, 99.950989),
(14, 'ร้านอาหาร วังศิลา วังศิลาแค้มป์ปิ้งกรุงชิง', 8.811453, 99.598875),
(15, 'ครัวบ้านสวนพรหมคีรี', 8.533986, 99.842307),
(16, 'ขนมจีนบ้านสวน@เขาปูน ', 8.514958, 99.832273),
(17, 'ร้านโกปี้ สาขาศาลากลางจังหวัด', 8.420454, 99.963817),
(18, 'ตังเกีย แต่เตี้ยม นครศรีธรรมราช', 8.427088, 99.975928),
(19, 'โรตีป้าหนอม นครศรีธรรมราช', 8.415349, 99.966009),
(20, 'ชาวเรือ นครศรีธรรมราช', 8.422517, 99.961954),
(21, 'ครัวนายหนัง นครศรีธรรมราช', 8.421978, 99.973415),
(22, 'ขนมจีน เมืองคอน นครศรีธรรมราช', 8.415619, 99.967079),
(23, 'ร้านกาแฟพิกเซล', 8.412699, 99.966782),
(24, 'โตโต้โอชา', 8.420969, 99.973874),
(25, 'กัปตันซีฟู้ด', 8.441368, 99.973291),
(26, 'ร้านอาหาร ชายเลซีฟู้ด', 8.476055, 100.060723),
(27, 'ร้านอาหาร ไทยโอชา', 8.43268, 99.962032),
(28, 'Café de Porto (คาเฟ่ เดอ พอร์โต้) ', 8.346671, 100.200163),
(29, 'ขนมยิ้มซีฟู้ด', 8.368412, 100.24187),
(30, 'ร้านอาหารอภิชาติ', 8.347869, 100.201623),
(31, 'ร้านอาหารบ้านชายคลอง', 8.346364, 100.199571),
(32, 'ร้านอาหารใจบ้าน ', 8.043567, 100.286779),
(33, 'Dawee Cafe&Restaurant', 7.99838, 100.308886),
(34, 'สถานีหัวไทร', 8.043469, 100.298402),
(35, 'เรือนผักกูด นครศรีธรรมราช', 8.350479, 99.686582),
(36, 'ขนมจีนป้าเขียว ลานสกา', 8.396988, 99.816373),
(37, 'ณ บ้านเล็ก กลางหุบเขา', 8.35575, 99.749913),
(38, 'ชีวะโกวิว กาแฟถั่งเช่า', 8.348212, 99.72593),
(39, 'The Kiriwong Valley Restaurant ', 8.410772, 99.794318),
(40, 'ข้าวแกงพื้นบ้าน ลานสกา ', 8.378344, 99.81145),
(41, 'ครกพ่อเฒ่า คีรีวง ', 8.435172, 99.775492);

-- --------------------------------------------------------

--
-- Table structure for table `mosque`
--

CREATE TABLE `mosque` (
  `mosqueId` int(11) NOT NULL,
  `name` varchar(45) COLLATE utf8_unicode_ci DEFAULT NULL,
  `latitude` double DEFAULT NULL,
  `longtitude` double DEFAULT NULL
) ENGINE=InnoDB DEFAULT CHARSET=utf8 COLLATE=utf8_unicode_ci;

--
-- Dumping data for table `mosque`
--

INSERT INTO `mosque` (`mosqueId`, `name`, `latitude`, `longtitude`) VALUES
(1, 'ดารุซซาอาดะห์', 9.220181, 99.842084),
(2, 'ดารุนอามาล (บ้านปลายทอนเหนือ)', 8.964299, 99.912803),
(3, 'คอเขา', 8.994202, 99.914835),
(4, 'กูวาลา', 9.012355, 99.914534),
(5, 'ดารุนอีบาด๊ะ', 9.020183, 99.911263),
(6, 'ใบรีหยะ  (บ้านพังปริง)', 8.837551, 99.920764),
(7, 'ซูรูกุลฮุดา', 8.825999, 99.923594),
(8, 'ดารุลนาอีม', 8.830295, 99.922367),
(9, 'ดุลอามีน', 8.720528, 99.940688),
(10, 'ดารุซซูฮูดร์', 8.650245, 99.935229),
(11, 'บ้านในถุ้ง', 8.644892, 99.949858),
(12, 'ดารุ้ลอามาล(บ้านหน้าทับ)', 8.588999, 99.858334),
(13, 'ดารุลฮิกมะฮ์(บ้านบางตงเหนือ)', 8.608111, 99.946396),
(14, 'ชีอารุดดีน  (บ้านสระบัว)', 8.634574, 99.951274),
(15, 'ยะมาลุดดีน (ปากน้ำใหม่)', 8.592239, 99.961257),
(16, 'รูฮ์ฮุลลอฮ์', 8.607232, 99.930736),
(17, 'นูรุลฮีดายะห์', 8.672097, 99.937907),
(18, 'นูรุ้ลอิสลาม', 8.594838, 99.964339),
(19, 'ดารุลมุตตากีนอันวารุดดีน (มัสยิดอาเซียน)', 8.605119, 99.952293),
(20, 'บ้านวัดโหนด', 8.600871, 99.918076),
(21, 'บ้านกลาง', 8.606686, 99.925488),
(22, 'บ้านป้าย', 8.620744, 99.927702),
(23, 'บ้านโคกยาร่วง', 8.583289, 99.9242),
(24, 'นูรุดดินยามาอะตุลอิสลาม', 8.614612, 99.927193),
(25, 'แสงจันทร์', 8.597666, 99.928472),
(26, 'มหาสรัต', 8.592937, 99.895087),
(27, 'ซากีมาตนกุปรอ (บ้านอู่ตะเภา)', 8.569529, 99.928999),
(28, 'กาแมล', 8.600353, 99.892626),
(29, 'ดารุลอามาน', 8.589, 99.858332),
(30, 'นูรุนอิสลาม (บ้านมะยิง)', 8.594846, 99.964333),
(32, 'มัสยิดบ้านนำใส', 8.53635, 99.92482),
(33, 'ดารุล', 8.424631, 99.870244),
(34, 'ดารุลวาสัฎ', 8.424628, 99.870247),
(35, 'ญาเมียะ', 8.433863, 99.962854),
(36, 'ซอลาหุดดีน', 8.432577, 99.961291),
(37, 'ดารุลอามาล', 8.441051, 99.880869),
(38, 'มุวะห์ฮิดีน ', 8.455176, 99.9932),
(39, 'นูรุ้ลอิสลาม', 8.455043, 99.988594),
(40, 'กามาลุลอิสลาม', 8.476404, 100.010033),
(41, 'ดุสลาม', 8.442325, 99.960861),
(42, 'นูรุลเอี๊ยะซาน', 8.479497, 100.00898),
(43, 'นุรุลอิสลาม', 13.962321, 99.747317),
(44, 'อัลมูวาห์ฮิดีน  ', 8.450321, 99.919002),
(45, 'การาหมาดบ้านหัวทะเล', 8.453241, 99.934179),
(46, 'บารอกาต (บ้านปัตตานี)', 8.455336, 99.922206),
(47, 'นูรุ้ลอิสลาม', 8.454099, 99.910359),
(48, 'ศรีอรุณอิสลาม', 8.44867, 99.901327),
(49, 'ดาริสลาม', 8.454728, 99.911525),
(50, 'นูรุลญันะฮ์', 8.456185, 99.89993),
(51, 'อุตบุดดีน', 8.440871, 99.932889),
(52, 'ซีรอยุดดีน  (บ้านป่าขอม)', 8.424603, 99.966968),
(53, 'นูรุลมูบีน (บ้านสวนพร้าว)', 8.410159, 99.965333),
(54, 'นูรุดดีน', 8.406622, 99.994034),
(55, 'ดารุ้ลนาอีม (บ้านปากพูนใต้)', 8.514065, 99.974342),
(56, 'ยามาลุดดีน', 8.592231, 99.961256),
(57, 'นูรุ้ลฮิดาย๊ะฮ์', 8.470193, 99.958682),
(58, 'มัสยิดกามาลุดดีน บ้านไสเจริญ', 8.438323, 99.920609),
(59, 'นูรุลฮูดา', 8.400913, 99.953926),
(60, 'นูรุสอาด๊ะ', 8.40229, 99.945866),
(61, 'แสงวิมาน', 8.39208, 100.09219),
(62, 'ดารุ้ลนาอีม', 8.360844, 100.195533),
(63, 'หัวหร่ง', 8.125256, 100.302469),
(64, 'หนองหงษ์', 8.150359, 100.29802),
(65, 'บ้านแสงสุริยา', 8.115332, 100.304365),
(66, 'ดารุลเอียะสาน(มัสยิดบ้านหนองมนต์)', 8.136468, 100.300622),
(67, 'มุสลิมสามัคคี', 8.040972, 100.316776),
(68, 'บ้านแสงสุริยา', 8.115332, 100.304365),
(69, 'ดารุลเอียะสาน (มัสยิดบ้านหนองมนต์)', 8.136468, 100.300622),
(70, 'หน้าสตน (อัลกุบารอ)', 8.098098, 100.307061),
(71, 'มุสลิมสามัคคี(บ้านหน้าศาล)', 8.040972, 100.316776),
(72, 'อัตตักวา', 8.286485, 98.372825),
(73, 'อัตตักวา', 8.286485, 98.372825);

-- --------------------------------------------------------

--
-- Table structure for table `restaurant`
--

CREATE TABLE `restaurant` (
  `restaurantId` int(11) NOT NULL,
  `name` varchar(45) COLLATE utf8_unicode_ci DEFAULT NULL,
  `latitude` double DEFAULT NULL,
  `longitude` double DEFAULT NULL
) ENGINE=InnoDB DEFAULT CHARSET=utf8 COLLATE=utf8_unicode_ci;

--
-- Dumping data for table `restaurant`
--

INSERT INTO `restaurant` (`restaurantId`, `name`, `latitude`, `longitude`) VALUES
(1, 'กลางอ่าวซีฟู้ด', 9.286234, 99.841525),
(2, 'ครัวคุณลี่', 9.206234, 99.870532),
(3, 'Khanom Espresso', 9.183642, 99.857348),
(4, 'ครัวคลองคูระ', 9.182797, 99.854129),
(5, 'ขนอมซีฟู้ด', 9.124331, 99.883156),
(6, 'ภัตตาคารโก้โตน', 9.007902, 99.893249),
(7, 'ร้านอาหาร แลเลสิชล', 9.014416, 99.916811),
(8, 'ครัวป๋อย ', 9.010468, 99.920793),
(9, 'สิชลซีฟู๊ด ร้านอาหารบรรยากาศริมคลองสิชล', 9.017953, 99.911179),
(10, 'ท่าศาลา ซีฟู้ด นครศรีธรรมราช', 8.668577, 99.94466),
(11, 'ริมเลซีฟู้ด ท่าศาลา ', 8.659086, 99.950012),
(12, 'ซันไรซ์ซีฟู้ด ท่าศาลา', 8.659738, 99.950188),
(13, 'ฮันน่า ซีฟู้ด ', 8.665465, 99.950989),
(14, 'ร้านอาหาร วังศิลา วังศิลาแค้มป์ปิ้งกรุงชิง', 8.811453, 99.598875),
(15, 'ครัวบ้านสวนพรหมคีรี', 8.533986, 99.842307),
(16, 'ขนมจีนบ้านสวน@เขาปูน ', 8.514958, 99.832273),
(17, 'ร้านโกปี้ สาขาศาลากลางจังหวัด', 8.420454, 99.963817),
(18, 'ตังเกีย แต่เตี้ยม นครศรีธรรมราช', 8.427088, 99.975928),
(19, 'โรตีป้าหนอม นครศรีธรรมราช', 8.415349, 99.966009),
(20, 'ชาวเรือ นครศรีธรรมราช', 8.422517, 99.961954),
(21, 'ครัวนายหนัง นครศรีธรรมราช', 8.421978, 99.973415),
(22, 'ขนมจีน เมืองคอน นครศรีธรรมราช', 8.415619, 99.967079),
(23, 'ร้านกาแฟพิกเซล', 8.412699, 99.966782),
(24, 'โตโต้โอชา', 8.420969, 99.973874),
(25, 'กัปตันซีฟู้ด', 8.441368, 99.973291),
(26, 'ร้านอาหาร ชายเลซีฟู้ด', 8.476055, 100.060723),
(27, 'ร้านอาหาร ไทยโอชา', 8.43268, 99.962032),
(28, 'Café de Porto (คาเฟ่ เดอ พอร์โต้) ', 8.346671, 100.200163),
(29, 'ขนมยิ้มซีฟู้ด', 8.368412, 100.24187),
(30, 'ร้านอาหารอภิชาติ', 8.347869, 100.201623),
(31, 'ร้านอาหารบ้านชายคลอง', 8.346364, 100.199571),
(32, 'ร้านอาหารใจบ้าน ', 8.043567, 100.286779),
(33, 'Dawee Cafe&Restaurant', 7.99838, 100.308886),
(34, 'สถานีหัวไทร', 8.043469, 100.298402),
(35, 'เรือนผักกูด นครศรีธรรมราช', 8.350479, 99.686582),
(36, 'ขนมจีนป้าเขียว ลานสกา', 8.396988, 99.816373),
(37, 'ณ บ้านเล็ก กลางหุบเขา', 8.35575, 99.749913),
(38, 'ชีวะโกวิว กาแฟถั่งเช่า', 8.348212, 99.72593),
(39, 'The Kiriwong Valley Restaurant ', 8.410772, 99.794318),
(40, 'ข้าวแกงพื้นบ้าน ลานสกา ', 8.378344, 99.81145),
(41, 'ครกพ่อเฒ่า คีรีวง ', 8.435172, 99.775492);

-- --------------------------------------------------------

--
-- Table structure for table `travel`
--

CREATE TABLE `travel` (
  `travelId` int(11) NOT NULL,
  `name` varchar(45) CHARACTER SET utf8 COLLATE utf8_unicode_ci DEFAULT NULL,
  `latitude` double DEFAULT NULL,
  `longtitude` double DEFAULT NULL
) ENGINE=InnoDB DEFAULT CHARSET=utf8;

--
-- Dumping data for table `travel`
--

INSERT INTO `travel` (`travelId`, `name`, `latitude`, `longtitude`) VALUES
(1, 'สวนตาสรรค์', 9.266563, 99.759346),
(2, 'ขนอมแกรนด์แคนยอน', 9.261828, 99.764043),
(3, 'จุดชมวิวเนินเทวดา', 9.136469, 99.872505),
(4, 'ชุมชนอ่าวเตล็ด ', 9.31199, 99.783117),
(5, 'วัดเจดีย์ (ไอ้ไข่)', 8.911233, 99.847527),
(6, 'บ้านแหลม โฮมสเตย์', 8.606405, 99.960253),
(7, 'ชุมชนท่องเที่ยวเชิงอนุรักษ์ต้นน้ำกลาย', 8.728776, 99.7315),
(8, 'น้ำตกกรุงชิง นครศรีธรรมราช', 8.718598, 99.691858),
(9, 'ชมวิวทะเลหมอกบนยอดเขาเหล็ก บ้านกรุงชิง', 8.776251, 99.72371),
(10, 'ทะเลหมอกเขาจังโหลน ', 8.758841, 99.621343),
(11, ' วัดพระมหาธาตุวรมหาวิหาร นครศรีธรรมราช', 8.41102, 99.966142),
(12, 'ศาลหลักเมือง นครศรีธรรมราช', 8.430441, 99.962158),
(13, 'บ้านหนังตะลุงสุชาติ', 8.414697, 99.968493),
(14, 'ชุมชนทุ่งแสงเดือน', 8.465183, 99.89692),
(15, 'ตลาดย้อนยุคปากพนัง', 8.355632, 100.19899),
(16, 'วิสาหกิจชุมชนท่องเที่ยวเชิงเกษตรบ้านสวนพอเพีย', 8.152491, 100.277514),
(17, ' หมู่บ้านคีรีวง นครศรีธรรมราช', 8.434045, 99.780377);

--
-- Indexes for dumped tables
--

--
-- Indexes for table `car`
--
ALTER TABLE `car`
  ADD PRIMARY KEY (`carId`);

--
-- Indexes for table `hotel`
--
ALTER TABLE `hotel`
  ADD PRIMARY KEY (`hotelId`);

--
-- Indexes for table `islamicrestaurant`
--
ALTER TABLE `islamicrestaurant`
  ADD PRIMARY KEY (`islamicrestaurantId`);

--
-- Indexes for table `mosque`
--
ALTER TABLE `mosque`
  ADD PRIMARY KEY (`mosqueId`);

--
-- Indexes for table `restaurant`
--
ALTER TABLE `restaurant`
  ADD PRIMARY KEY (`restaurantId`);

--
-- Indexes for table `travel`
--
ALTER TABLE `travel`
  ADD PRIMARY KEY (`travelId`);

--
-- AUTO_INCREMENT for dumped tables
--

--
-- AUTO_INCREMENT for table `hotel`
--
ALTER TABLE `hotel`
  MODIFY `hotelId` int(11) NOT NULL AUTO_INCREMENT, AUTO_INCREMENT=51;

--
-- AUTO_INCREMENT for table `islamicrestaurant`
--
ALTER TABLE `islamicrestaurant`
  MODIFY `islamicrestaurantId` int(11) NOT NULL AUTO_INCREMENT, AUTO_INCREMENT=42;

--
-- AUTO_INCREMENT for table `mosque`
--
ALTER TABLE `mosque`
  MODIFY `mosqueId` int(11) NOT NULL AUTO_INCREMENT, AUTO_INCREMENT=74;

--
-- AUTO_INCREMENT for table `restaurant`
--
ALTER TABLE `restaurant`
  MODIFY `restaurantId` int(11) NOT NULL AUTO_INCREMENT, AUTO_INCREMENT=42;

--
-- AUTO_INCREMENT for table `travel`
--
ALTER TABLE `travel`
  MODIFY `travelId` int(11) NOT NULL AUTO_INCREMENT, AUTO_INCREMENT=18;
COMMIT;

/*!40101 SET CHARACTER_SET_CLIENT=@OLD_CHARACTER_SET_CLIENT */;
/*!40101 SET CHARACTER_SET_RESULTS=@OLD_CHARACTER_SET_RESULTS */;
/*!40101 SET COLLATION_CONNECTION=@OLD_COLLATION_CONNECTION */;
